url,header,source,datetime
https://news.mail.ru/economics/58328903/,Почему укрепляется рубль,Ведомости,2023-10-23T17:12:53+03:00
https://news.mail.ru/politics/58326380/,RMC: спецслужбы Франции обвинили российские СМИ в психозе жителей из-за клопов,© РИА Новости,2023-10-23T15:35:49+03:00
https://news.mail.ru/incident/58323368/,СМИ сообщили причину многочисленных переносов наземной операции в Газе,© РИА Новости,2023-10-23T11:10:15+03:00
https://news.mail.ru/economics/58327698/,Компенсации по замороженным советским вкладам: кому и сколько могут заплатить,Коммерсантъ,2023-10-23T14:43:59+03:00
https://news.mail.ru/society/58319221/,Выходные и праздники в ноябре 2023 — как отдыхают россияне,Известия,2023-10-23T00:45:55+03:00
https://news.mail.ru/economics/58327698/,Компенсации по замороженным советским вкладам: кому и сколько могут заплатить,Коммерсантъ,2023-10-23T14:43:59+03:00
https://news.mail.ru/society/58319221/,Выходные и праздники в ноябре 2023 — как отдыхают россияне,Известия,2023-10-23T00:45:55+03:00
https://pogoda.mail.ru/news/58321592/,Россиян предупредили о сильных снегопадах на этой неделе,Lenta.Ru,2023-10-23T08:42:31+03:00
https://news.mail.ru/society/58329160/,"Россияне рассказали, можно ли купить счастье за деньги",Финансы Mail.ru,2023-10-23T16:07:18+03:00
https://news.mail.ru/incident/58328835/,WP: Киев разрабатывал дроны для удара по Крымскому мосту совместно с ЦРУ,© РИА Новости,2023-10-23T16:24:00+03:00
https://news.mail.ru/society/58316416/,13-летнего мальчика из Лондона арестовали за водяной пистолет,Новости Mail.ru,2023-10-23T15:27:01+03:00
https://news.mail.ru/economics/58323446/,Хруст денег. Глава Гознака Трачук объяснил печать банкнот 5 и 10 рублей,Аргументы и факты,2023-10-23T11:27:34+03:00
https://news.mail.ru/politics/58321138/,Глава Бурятии отреагировал на слова экс-посла Израиля про бурят,Lenta.Ru,2023-10-23T12:48:12+03:00
https://pogoda.mail.ru/news/58327489/,"Синоптик сообщил, что зима придет в Москву на этой неделе",m24.ru,2023-10-23T17:21:34+03:00
https://news.mail.ru/society/58323320/,В Коломенском началась реставрация шедевра архитектуры XVI века — Сергей Собянин,MOS.Ru,2023-10-23T10:26:37+03:00
https://news.mail.ru/economics/58323563/,В Москве производство бумаги и бумажных изделий выросло более чем на 10%,ТАСС,2023-10-23T12:23:58+03:00
https://news.mail.ru/society/58325587/,В Москве началось строительство эстакады через Северо-Западную хорду,ТАСС,2023-10-23T12:47:14+03:00
https://news.mail.ru/incident/58324444/,В Москве арестован занимавшийся аферой с цифровой валютой,Lenta.Ru,2023-10-23T12:14:39+03:00
https://news.mail.ru/society/58326431/,Собянин: Пассажирам МЦД доступно более 100 вариантов пересадок,АГН «Москва»,2023-10-23T13:29:58+03:00
https://news.mail.ru/politics/58317904/?utm_source=block_popular,"Тайное оружие США произвело неожиданный эффект на Россию, пишут СМИ",© РИА Новости,2023-10-22T23:02:12+03:00
https://news.mail.ru/society/58319946/?utm_source=block_popular,В РФ определят единое время запрета на шум дома,Известия,2023-10-23T03:32:05+03:00
https://news.mail.ru/society/58324918/?utm_source=block_popular,Вакцина «Спутник V» перестала защищать от коронавируса,Lenta.Ru,2023-10-23T12:20:28+03:00
https://news.mail.ru/politics/58321398/?utm_source=block_popular,Премьер Японии пообещал сохранить курс на заключение мирного договора с РФ,Коммерсантъ,2023-10-23T08:02:45+03:00
https://news.mail.ru/politics/58319561/?utm_source=block_popular,СМИ: Abrams нельзя применить в полную силу на Украине из-за их характеристик,ТАСС,2023-10-23T01:23:52+03:00
https://news.mail.ru/politics/58327205/,Путин призвал заботиться о детях участников СВО как о своих собственных,© РИА Новости,2023-10-23T14:26:31+03:00
https://news.mail.ru/politics/58326342/,"Новый миропорядок, заложники в Палестине и закрытое море. Темы брифинга Пескова",ТАСС,2023-10-23T13:39:34+03:00
https://news.mail.ru/politics/58325639/,"Песков заявил, что мир больше не будет крутиться вокруг США",ТАСС,2023-10-23T13:21:11+03:00
https://news.mail.ru/politics/58324042/,"Грушко: НАТО нарушит международное право, закрыв Балтийское море для России",© РИА Новости,2023-10-23T12:32:47+03:00
https://finance.mail.ru/2023-10-23/glavnye-sobytiya-na-finansovyh-rynkah-58329410/,Главные события на финансовых рынках,Финансы Mail.ru,2023-10-23T16:17:06+03:00
https://finance.mail.ru/2023-10-23/ne-boytes-banka-yurist-obyasnila-chto-delat-esli-bolshe-nechem-platit-po-ipoteke-58328353/,"Не бойтесь банка: Юрист объяснила, что делать, если больше нечем платить по ипотеке",Life.ru,2023-10-23T15:28:33+03:00
https://finance.mail.ru/2023-10-23/chay-s-risom-i-uglem-rossiya-voshla-v-pyatyorku-glavnyh-partnerov-indii-58326170/,Чай с рисом и углем. Россия вошла в пятёрку главных партнеров Индии,Аргументы и факты,2023-10-23T14:55:59+03:00
https://finance.mail.ru/2023-10-23/delovye-svyazi-proveryayut-na-prochnost-kak-voyna-skazyvaetsya-na-biznese-s-izrailem-58327529/,Деловые связи проверяют на прочность. Как война сказывается на бизнесе с Израилем,Коммерсантъ-FM,2023-10-23T14:43:35+03:00
https://vfokuse.mail.ru/article/v-danii-izgotovili-syr-iz-zheltogo-goroha-58298315/,В Дании изготовили сыр из желтого гороха,ВФокусе Mail.ru,2023-10-23T15:59:01+03:00
https://vfokuse.mail.ru/article/proby-pyli-s-apollona-17-pomogli-uchenym-utochnit-vozrast-luny-58328539/,Пробы пыли с «Аполлона-17» помогли ученым уточнить возраст Луны,ТАСС Наука,2023-10-23T15:39:43+03:00
https://pogoda.mail.ru/news/58299000/,Над Великобританией появилось ярко-розовое свечение,Погода Mail.Ru,2023-10-23T15:20:14+03:00
https://pogoda.mail.ru/news/58316170/,Почему не стоит сгребать опавшие листья в кучу,Погода Mail.Ru,2023-10-23T14:51:32+03:00
https://news.mail.ru/incident/58327812/,"WP: целью операции СБУ, из-за которой погибла Дугина, был ее отец",© РИА Новости,2023-10-23T15:31:32+03:00
https://news.mail.ru/incident/58323256/,Умер бывший первый замминистра обороны Игорь Пузанов,Ведомости,2023-10-23T10:45:23+03:00
https://news.mail.ru/incident/58319735/,Умер российский блогер Дядя Слава,© РИА Новости,2023-10-23T09:55:44+03:00
https://news.mail.ru/incident/58321071/,В ДНР заявили о многотысячных потерях ВСУ за последние недели,© РИА Новости,2023-10-23T09:42:16+03:00
